bin,count,fallers,fall_rate
"(-0.001, 1.0]",243,3,0.012345679
"(1.0, 2.0]",94,3,0.031914894
"(2.0, 4.0]",33,1,0.03030303
