bin,count,fallers,fall_rate
"(-0.001, 1.0]",211,4,0.018957346
"(1.0, 2.0]",91,0,0
"(2.0, 3.0]",54,2,0.037037037
"(3.0, 9.0]",14,1,0.071428571
