bin,count,fallers,fall_rate
"(-0.001, 1.0]",41,0,0
"(1.0, 2.0]",73,1,0.01369863
"(2.0, 3.0]",58,0,0
"(3.0, 3.5]",36,0,0
"(3.5, 4.0]",46,1,0.02173913
"(4.0, 4.5]",20,0,0
"(4.5, 6.0]",61,5,0.081967213
"(6.0, 8.0]",35,0,0
