bin,count,fallers,fall_rate
"(-0.001, 1.0]",274,4,0.01459854
"(1.0, 2.0]",72,3,0.041666667
"(2.0, 4.0]",24,0,0
