bin,count,fallers,fall_rate
"(-0.001, 1.0]",124,1,0.008064516129032258
"(1.0, 2.0]",128,1,0.0078125
"(2.0, 3.0]",100,4,0.04
"(3.0, 5.0]",18,1,0.05555555555555555
