model,split,auc,acc,f1,spec,sens,tp,fp,tn,fn,thr
logreg,valid,0.647776466,0.891891892,0.130434783,0.900826446,0.428571429,3,36,327,4,0.712
logreg,test,0.662337662,0.864864865,0.137931034,0.870523416,0.571428571,4,47,316,3,0.712
hgb,valid,0.746162928,0.959459459,0.285714286,0.96969697,0.428571429,3,11,352,4,0.002
hgb,test,0.606060606,0.935135135,0,0.953168044,0,0,17,346,7,0.002
